Kode Matakuliah,Matakuliah,Dosen,Kelas,SKS,Hari,Ruang,Waktu
22000011B06,BAHASA INGGRIS II,"MUCHAMAD ADAM BASORI, M.A, TESOL",A,3,Selasa,ARI.Y.104,09.00 - 11.30
22000011B06,BAHASA INGGRIS II,"MUCHAMAD ADAM BASORI, M.A, TESOL",B,3,Rabu,ARI.Y.103,11.30 - 14.00
22000011B06,BAHASA INGGRIS II,"MUCHAMAD ADAM BASORI, M.A, TESOL",C,3,Selasa,ARI.Y.104,06.30 - 09.00
22000011B06,BAHASA INGGRIS II,"MUCHAMAD ADAM BASORI, M.A, TESOL",D,3,Kamis,ITC.I.2,11.30 - 14.00
22000011B06,BAHASA INGGRIS II,"MUCHAMAD ADAM BASORI, M.A, TESOL",E,3,Rabu,ARI.Y.103,09.00 - 11.30
22000011B06,BAHASA INGGRIS II,"ROCHMAWATI,S.S., M.Pd",F,3,Senin,ARI.Y.104,06.30 - 09.00
22000011B06,BAHASA INGGRIS II,"ROCHMAWATI,S.S., M.Pd",G,3,Senin,ARI.Y.104,09.00 - 11.30
22000011B06,BAHASA INGGRIS II,"ROCHMAWATI,S.S., M.Pd",H,3,Jumat,ARI.Y.104,06.30 - 09.00
22000011B06,BAHASA INGGRIS II,"ROCHMAWATI,S.S., M.Pd",I,3,Selasa,ITC.I.6,06.30 - 09.00
22040111D02,FILSAFAT MANUSIA,"Dr. ZAINAL HABIB,M.Hum",A,2,Selasa,ARI.Y.101,06.30 - 08.10
22040111D02,FILSAFAT MANUSIA,"Dr. ZAINAL HABIB,M.Hum",B,2,Rabu,ITC.I.4,06.30 - 08.10
22040111D02,FILSAFAT MANUSIA,"Dr. ZAINAL HABIB,M.Hum",C,2,Senin,ITC.I.1,06.30 - 08.10
22040111D02,FILSAFAT MANUSIA,"Dr. ZAINAL HABIB,M.Hum",D,2,Senin,ITC.I.2,08.10 - 09.50
22040111D02,FILSAFAT MANUSIA,"Dr. ZAINAL HABIB,M.Hum",E,2,Rabu,ITC.I.4,08.10 - 09.50
22040111D02,FILSAFAT MANUSIA,"Drs. ZAINUL ARIFIN,M.Ag",F,2,Senin,ITC.I.2,12.20 - 14.00
22040111D02,FILSAFAT MANUSIA,"TAUFIQURRAHMAN,MA",G,2,Senin,ARI.Y.103,06.30 - 08.10
22040111D02,FILSAFAT MANUSIA,"AHMAD ABI NAJIH, M.H.",H,2,Selasa,ARI.Y.101,08.10 - 09.50
22040111D02,FILSAFAT MANUSIA,"Dr. ZAINAL HABIB,M.Hum",I,2,Rabu,ITC.I.4,09.50 - 11.30
22040111D03,PSIKOLOGI FAAL,"AININDITA AGHNIACAKTI,M.Psi",A,3,Senin,ITC.I.1,09.00 - 11.30
22040111D03,PSIKOLOGI FAAL,"AININDITA AGHNIACAKTI,M.Psi",B,3,Senin,ITC.I.1,11.30 - 14.00
22040111D03,PSIKOLOGI FAAL,"AININDITA AGHNIACAKTI,M.Psi",C,3,Kamis,ITC.I.1,09.00 - 11.30
22040111D03,PSIKOLOGI FAAL,"AININDITA AGHNIACAKTI,M.Psi",D,3,Kamis,ITC.I.1,11.30 - 14.00
22040111D03,PSIKOLOGI FAAL,"HILDA HALIDA,M.Psi",E,3,Selasa,ARI.Y.102 ,06.30 - 09.00
22040111D03,PSIKOLOGI FAAL,"AININDITA AGHNIACAKTI,M.Psi",F,3,Jumat,ITC.I.5,09.00 - 11.30
22040111D03,PSIKOLOGI FAAL,"HILDA HALIDA,M.Psi",G,3,Kamis,ITC.I.2,06.30 - 09.00
22040111D03,PSIKOLOGI FAAL,"HILDA HALIDA,M.Psi",H,3,Kamis,ITC.I.2,09.00 - 11.30
22040111D03,PSIKOLOGI FAAL,"HILDA HALIDA,M.Psi",I,3,Selasa,ARI.Y.102 ,09.00 - 11.30
22040111D05,TEORI PSIKOLOGI PERKEMBANGAN,"Dr. ELOK HALIMATUS SA DIYAH, M.Si",A,6,Rabu,ITC.I.2,09.00 - 11.30
22040111D05,TEORI PSIKOLOGI PERKEMBANGAN,"Dr. ELOK HALIMATUS SA DIYAH, M.Si",A,6,Senin,ITC.I.5,11.30 - 14.00
22040111D05,TEORI PSIKOLOGI PERKEMBANGAN,"RIKA FU'ATUROSIDA, S.Psi, M.A",B,6,Rabu,ITC.I.5,09.00 - 11.30
22040111D05,TEORI PSIKOLOGI PERKEMBANGAN,"RIKA FU'ATUROSIDA, S.Psi, M.A",B,6,Senin,ITC.I.6,09.00 - 11.30
22040111D05,TEORI PSIKOLOGI PERKEMBANGAN,"MUHAMMAD ARIF FURQON,M.Psi",C,6,Selasa,ITC.I.4,06.30 - 09.00
22040111D05,TEORI PSIKOLOGI PERKEMBANGAN,"MUHAMMAD ARIF FURQON,M.Psi",C,6,Rabu,ITC.I.1,06.30 - 09.00
22040111D05,TEORI PSIKOLOGI PERKEMBANGAN,"MUHAMMAD ARIF FURQON,M.Psi",D,6,Rabu,ITC.I.1,09.00 - 11.30
22040111D05,TEORI PSIKOLOGI PERKEMBANGAN,"MUHAMMAD ARIF FURQON,M.Psi",D,6,Selasa,ITC.I.4,09.00 - 11.30
22040111D05,TEORI PSIKOLOGI PERKEMBANGAN,"Dr. ELOK HALIMATUS SA DIYAH, M.Si",E,6,Senin,ITC.I.5,09.00 - 11.30
22040111D05,TEORI PSIKOLOGI PERKEMBANGAN,"Dr. ELOK HALIMATUS SA DIYAH, M.Si",E,6,Rabu,ITC.I.2,11.30 - 14.00
22040111D05,TEORI PSIKOLOGI PERKEMBANGAN,"SELLY CANDRA AYU, M.Si",F,6,Kamis,ITC.I.5,11.30 - 14.00
22040111D05,TEORI PSIKOLOGI PERKEMBANGAN,"SELLY CANDRA AYU, M.Si",F,6,Selasa,ITC.I.5,09.00 - 11.30
22040111D05,TEORI PSIKOLOGI PERKEMBANGAN,"SELLY CANDRA AYU, M.Si",G,6,Selasa,ITC.I.5,11.30 - 14.00
22040111D05,TEORI PSIKOLOGI PERKEMBANGAN,"SELLY CANDRA AYU, M.Si",G,6,Kamis,ITC.I.5,09.00 - 11.30
22040111D05,TEORI PSIKOLOGI PERKEMBANGAN,"Dr. MUALLIFAH, M.A",H,6,Senin,ITC.I.4,09.00 - 14.00
22040111D05,TEORI PSIKOLOGI PERKEMBANGAN,"RIKA FU'ATUROSIDA, S.Psi, M.A",I,6,Rabu,ITC.I.5,11.30 - 14.00
22040111D05,TEORI PSIKOLOGI PERKEMBANGAN,"RIKA FU'ATUROSIDA, S.Psi, M.A",I,6,Senin,ITC.I.6,11.30 - 14.00
22040111D06,PSIKOLOGI SOSIAL,"Dr. MOHAMMAD MAHPUR,M.Si",A,6,Rabu,ARI.Y.101,11.30 - 14.00
22040111D06,PSIKOLOGI SOSIAL,"Dr. MOHAMMAD MAHPUR,M.Si",A,6,Senin,ARI.Y.104,11.30 - 14.00
22040111D06,PSIKOLOGI SOSIAL,"Prof. Dr. Hj. Siti Mahmudah, M.Si",B,6,Selasa,ITC.I.6,09.00 - 14.00
22040111D06,PSIKOLOGI SOSIAL,"Dr. FATHUL LUBABIN NUQUL, M.Si",C,6,Selasa,ARI.Y.103,09.00 - 11.30
22040111D06,PSIKOLOGI SOSIAL,"Dr. FATHUL LUBABIN NUQUL, M.Si",C,6,Kamis,ITC.I.6,06.30 - 09.00
22040111D06,PSIKOLOGI SOSIAL,"YUSUF RATU AGUNG,M.A",D,6,Senin,ARI.Y.103,09.00 - 11.30
22040111D06,PSIKOLOGI SOSIAL,"YUSUF RATU AGUNG,M.A",D,6,Rabu,ARI.Y.102 ,11.30 - 14.00
22040111D06,PSIKOLOGI SOSIAL,"Dr. FATHUL LUBABIN NUQUL, M.Si",E,6,Selasa,ARI.Y.103,06.30 - 09.00
22040111D06,PSIKOLOGI SOSIAL,"Dr. FATHUL LUBABIN NUQUL, M.Si",E,6,Kamis,ITC.I.6,09.50 - 12.20
22040111D06,PSIKOLOGI SOSIAL,"APRILIA MEGA ROSDIANA,M.Si",F,6,Rabu,ITC.I.6,11.30 - 14.00
22040111D06,PSIKOLOGI SOSIAL,"APRILIA MEGA ROSDIANA,M.Si",F,6,Senin,ARI.Y.102 ,09.00 - 11.30
22040111D06,PSIKOLOGI SOSIAL,"ALI SYAHIDIN MUBAROK,M.Si",G,6,Senin,ARI.Y.102 ,06.30 - 09.00
22040111D06,PSIKOLOGI SOSIAL,"ALI SYAHIDIN MUBAROK,M.Si",G,6,Rabu,ITC.I.6,09.00 - 11.30
22040111D06,PSIKOLOGI SOSIAL,"APRILIA MEGA ROSDIANA,M.Si",H,6,Senin,ARI.Y.102 ,11.30 - 14.00
22040111D06,PSIKOLOGI SOSIAL,"APRILIA MEGA ROSDIANA,M.Si",H,6,Rabu,ITC.I.6,06.30 - 09.00
22040111D06,PSIKOLOGI SOSIAL,"YUSUF RATU AGUNG,M.A",I,6,Rabu,ARI.Y.102 ,09.00 - 11.30
22040111D06,PSIKOLOGI SOSIAL,"YUSUF RATU AGUNG,M.A",I,6,Senin,ARI.Y.103,11.30 - 14.00
22040111D07,PSIKOLOGI AGAMA,"Drs. ZAINUL ARIFIN,M.Ag",A,2,Selasa,B.213,12.20 - 14.00
22040111D07,PSIKOLOGI AGAMA,"ERMITA ZAKIYAH,M.Th.I",B,2,Senin,B.214,08.10 - 09.50
22040111D07,PSIKOLOGI AGAMA,"ERMITA ZAKIYAH,M.Th.I",C,2,Kamis,B.214,12.20 - 14.00
22040111D07,PSIKOLOGI AGAMA,"Drs. ZAINUL ARIFIN,M.Ag",D,2,Selasa,B.213,09.50 - 11.30
22040111D07,PSIKOLOGI AGAMA,"Prof. Dr. H.ACHMAD KHUDORI SHOLEH,M.Ag",E,2,Jumat,B.213,08.10 - 09.50
22040111D07,PSIKOLOGI AGAMA,"Prof. Dr. H.ACHMAD KHUDORI SHOLEH,M.Ag",F,2,Jumat,B.213,06.30 - 08.10
22040111D07,PSIKOLOGI AGAMA,"AFA FAUZUL ADZIMS.Psi, M.Phil",G,2,Kamis,B.312,08.10 - 09.50
22040111D07,PSIKOLOGI AGAMA,"ERMITA ZAKIYAH,M.Th.I",H,2,Senin,B.214,09.50 - 11.30
22040111D07,PSIKOLOGI AGAMA,"ERMITA ZAKIYAH,M.Th.I",I,2,Kamis,B.214,06.30 - 08.10
22040111D08,PSIKOLOGI ABNORMAL,"MUHAMMAD JAMALUDDIN,M.Si",A,3,Kamis,ARI.Y.104,09.00 - 11.30
22040111D08,PSIKOLOGI ABNORMAL,"MUHAMMAD JAMALUDDIN,M.Si",B,3,Kamis,ARI.Y.104,11.30 - 14.00
22040111D08,PSIKOLOGI ABNORMAL,"Dr. TRISTIADI ARDI ARDANI, M.Si.Psi",C,3,Jumat,ITC.I.4,09.00 - 11.30
22040111D08,PSIKOLOGI ABNORMAL,"Dr. TRISTIADI ARDI ARDANI, M.Si.Psi",D,3,Jumat,ITC.I.4,06.30 - 09.00
22040111D08,PSIKOLOGI ABNORMAL,"Dr. YULIA SHOLICHATUN,M.Si",E,3,Jumat,ARI.Y.102 ,06.30 - 09.00
22040111D08,PSIKOLOGI ABNORMAL,"M. IKSAN, MA",F,3,Kamis,ARI.Y.103,09.00 - 11.30
22040111D08,PSIKOLOGI ABNORMAL,"Dr. YULIA SHOLICHATUN,M.Si",G,3,Jumat,ARI.Y.102 ,09.00 - 11.30
22040111D08,PSIKOLOGI ABNORMAL,"Dr. FINA HIDAYATI, MA",H,3,Kamis,ARI.Y.101,11.30 - 14.00
22040111D08,PSIKOLOGI ABNORMAL,"TAUFIQURRAHMAN, MA",I,3,Kamis,ARI.Y.103,11.30 - 14.00
22040111D09,PSIKOLOGI EKSPERIMEN,"SELLY CANDRA AYU, M.Si",A,2,Jumat,B.213,09.50 - 11.30
22040111D09,PSIKOLOGI EKSPERIMEN,"AFA FAUZUL ADZIMS.Psi, M.Phil",B,2,Kamis,B.312,10.40 - 12.20
22040111D09,PSIKOLOGI EKSPERIMEN,"AFA FAUZUL ADZIMS.Psi, M.Phil",C,2,Kamis,B.312,06.30 - 08.10
22040111D09,PSIKOLOGI EKSPERIMEN,"Prof. Dr. H. RAHMAT AZIZ, M.Si",D,2,Rabu,B.214,12.20 - 14.00
22040111D09,PSIKOLOGI EKSPERIMEN,"UMDATUL KHOIROT,M.Psi",E,2,Kamis,B.212,12.20 - 14.00
22040111D09,PSIKOLOGI EKSPERIMEN,"UMDATUL KHOIROT,M.Psi",F,2,Senin,B.313,09.50 - 11.30
22040111D09,PSIKOLOGI EKSPERIMEN,"Prof. Dr. H. RAHMAT AZIZ, M.Si",G,2,Rabu,B.214,09.50 - 11.30
22040111D09,PSIKOLOGI EKSPERIMEN,"UMDATUL KHOIROT,M.Psi",H,2,Kamis,B.212,06.30 - 08.10
22040111D09,PSIKOLOGI EKSPERIMEN,"UMDATUL KHOIROT,M.Psi",I,2,Kamis,B.212,10.40 - 12.20
22040111D10,STATISTIKA,"ELOK FAIZ FATMA EL FAHMI,M.Si",A,3,Selasa,ITC.I.1,09.00 - 11.30
22040111D10,STATISTIKA,"ELOK FAIZ FATMA EL FAHMI,M.Si",B,3,Selasa,ITC.I.1,06.30 - 09.00
22040111D10,STATISTIKA,"ELOK FAIZ FATMA EL FAHMI,M.Si",C,3,Jumat,ITC.I.5,06.30 - 09.00
22040111D10,STATISTIKA,"Prof. Dr. ALI RIDHO, M.Si",D,3,Senin,ITC.I.2,09.50 - 12.20
22040111D10,STATISTIKA,"Prof. Dr. ALI RIDHO, M.Si",E,3,Kamis,ITC.I.4,10.40 - 13.10
22040111D10,STATISTIKA,"Prof. Dr. ALI RIDHO, M.Si",F,3,Kamis,ITC.I.4,06.30 - 09.00
22040111D10,STATISTIKA,"IQBAL ALI WAFA,M.Psi",G,3,Selasa,ITC.I.5,06.30 - 09.00
22040111D10,STATISTIKA,"IQBAL ALI WAFA,M.Psi",H,3,Jumat,ITC.I.2,06.30 - 09.00
22040111D10,STATISTIKA,"IQBAL ALI WAFA,M.Psi",I,3,Rabu,ITC.I.5,06.30 - 09.00
22040111D11,METODOLOGI PENELITIAN KUANTITATIF,"Prof. Dr. ALI RIDHO, M.Si",A,3,Selasa,ITC.I.1,11.30 - 14.00
22040111D11,METODOLOGI PENELITIAN KUANTITATIF,"ELOK FAIZ FATMA EL FAHMI,M.Si",B,3,Senin,ARI.Y.101,09.00 - 11.30
22040111D11,METODOLOGI PENELITIAN KUANTITATIF,"Prof. Dr. H. RAHMAT AZIZ, M.Si",C,3,Jumat,ITC.I.1,06.30 - 09.00
22040111D11,METODOLOGI PENELITIAN KUANTITATIF,"Prof. Dr. H. RAHMAT AZIZ, M.Si",D,3,Kamis,ITC.I.1,06.30 - 09.00
22040111D11,METODOLOGI PENELITIAN KUANTITATIF,"ELOK FAIZ FATMA EL FAHMI,M.Si",E,3,Senin,ARI.Y.101,06.30 - 09.00
22040111D11,METODOLOGI PENELITIAN KUANTITATIF,"MUH. ANWAR FU'ADY,S.Psi, M.A",F,3,Selasa,ARI.Y.103,11.30 - 14.00
22040111D11,METODOLOGI PENELITIAN KUANTITATIF,"Dr. FINA HIDAYATI, MA",G,3,Selasa,ITC.I.2,09.00 - 11.30
22040111D11,METODOLOGI PENELITIAN KUANTITATIF,"Dr. FINA HIDAYATI, MA",H,3,Selasa,ITC.I.2,11.30 - 14.00
22040111D11,METODOLOGI PENELITIAN KUANTITATIF,"ELOK FAIZ FATMA EL FAHMI,M.Si",I,3,Jumat,ITC.I.1,09.00 - 11.30
22040111D13,PSIKOLOGI BELAJAR,"Dr. MUALLIFAH, M.A",A,2,Selasa,B.212,09.00 - 10.40
22040111D13,PSIKOLOGI BELAJAR,"Dr. MUALLIFAH, M.A",B,2,Selasa,B.212,10.40 - 12.20
22040111D13,PSIKOLOGI BELAJAR,"URIN LAILA SA'ADAH, S, Psi.M.Pd.",C,2,Rabu,B.212,12.20 - 14.00
22040111D13,PSIKOLOGI BELAJAR,"UMDATUL KHOIROT,M.Psi",D,2,Selasa,B.113,06.30 - 08.10
22040111D13,PSIKOLOGI BELAJAR,"Prof. Dr. H. Mulyadi, M.Pd.I",E,2,Kamis,B.112,08.10 - 09.50
22040111D13,PSIKOLOGI BELAJAR,"Prof. Dr. H. Mulyadi, M.Pd.I",F,2,Kamis,B.112,06.30 - 08.10
22040111D13,PSIKOLOGI BELAJAR,"Prof. Dr. Hj. RIFA HIDAYAH, M.Si, Psikolog",G,2,Selasa,B.113,09.50 - 11.30
22040111D13,PSIKOLOGI BELAJAR,"Prof. Dr. Hj. RIFA HIDAYAH, M.Si, Psikolog",H,2,Selasa,B.113,08.10 - 09.50
22040111D13,PSIKOLOGI BELAJAR,"Prof. Dr. Hj. RIFA HIDAYAH, M.Si, Psikolog",I,2,Rabu,B.212,09.50 - 11.30
22040111D17,PSIKODIAGNOSTIK II OBSERVASI,"Dr. IIN TRI RAHAYU, M.Si.Psi",A,3,Kamis,ARI.Y.101,06.30 - 09.00
22040111D17,PSIKODIAGNOSTIK II OBSERVASI,"Dr. IIN TRI RAHAYU, M.Si.Psi",B,3,Kamis,ARI.Y.101,09.00 - 11.30
22040111D17,PSIKODIAGNOSTIK II OBSERVASI,"Dr. IIN TRI RAHAYU, M.Si.Psi",C,3,Senin,ITC.I.6,06.30 - 09.00
22040111D17,PSIKODIAGNOSTIK II OBSERVASI,"Dr. IIN TRI RAHAYU, M.Si.Psi",D,3,Jumat,ITC.I.6,09.00 - 11.30
22040111D17,PSIKODIAGNOSTIK II OBSERVASI,"FUJI ASTUTIK,M.Psi",E,3,Senin,ARI.Y.101,11.30 - 14.00
22040111D17,PSIKODIAGNOSTIK II OBSERVASI,"FUJI ASTUTIK,M.Psi",F,3,Jumat,ITC.I.2,09.00 - 11.30
22040111D17,PSIKODIAGNOSTIK II OBSERVASI,"RAHMATIKA SARI AMALIA,M.Psi",G,3,Kamis,ARI.Y.102 ,11.30 - 14.00
22040111D17,PSIKODIAGNOSTIK II OBSERVASI,"RAHMATIKA SARI AMALIA,M.Psi",H,3,Jumat,ARI.Y.103,09.00 - 11.30
22040111D17,PSIKODIAGNOSTIK II OBSERVASI,"RAHMATIKA SARI AMALIA,M.Psi",I,3,Kamis,ARI.Y.102 ,09.00 - 11.30
22040111D21,DESAIN PELATIHAN,"ABDUL HAMID CHOLILI,M.Psi",A,2,Senin,B.313,06.30 - 08.10
22040111D21,DESAIN PELATIHAN,"ABDUL HAMID CHOLILI,M.Psi",B,2,Rabu,B.313,06.30 - 08.10
22040111D21,DESAIN PELATIHAN,"ABDUL HAMID CHOLILI,M.Psi",C,2,Rabu,B.313,08.10 - 09.50
22040111D21,DESAIN PELATIHAN,"AGUS IQBAL HAWABI,M.Psi",D,2,Jumat,B.313,09.50 - 11.30
22040111D21,DESAIN PELATIHAN,"AGUS IQBAL HAWABI,M.Psi",E,2,Selasa,B.313,08.10 - 09.50
22040111D21,DESAIN PELATIHAN,"AGUS IQBAL HAWABI,M.Psi",F,2,Jumat,B.313,08.10 - 09.50
22040111D21,DESAIN PELATIHAN,"ABDUL HAMID CHOLILI,M.Psi",G,2,Jumat,B.212,08.10 - 09.50
22040111D21,DESAIN PELATIHAN,"AGUS IQBAL HAWABI,M.Psi",H,2,Selasa,B.313,06.30 - 08.10
22040111D21,DESAIN PELATIHAN,"ABDUL HAMID CHOLILI,M.Psi",I,2,Senin,B.313,08.10 - 09.50
22040111D22,TES INVENTORI,"Dr. ANDIK RONY IRAWAN, M.Si.Psi",A,1,Kamis,Laboratorium Klasikal,06.30 - 07.20
22040111D22,TES INVENTORI,"Dr. ANDIK RONY IRAWAN, M.Si.Psi",B,1,Kamis,Laboratorium Klasikal,07.20 - 08.10
22040111D22,TES INVENTORI,"Dr. ANDIK RONY IRAWAN, M.Si.Psi",C,1,Senin,Laboratorium Klasikal,06.30 - 07.20
22040111D22,TES INVENTORI,"Dr. ANDIK RONY IRAWAN, M.Si.Psi",D,1,Selasa,Laboratorium Klasikal,08.10 - 09.00
22040111D22,TES INVENTORI,"Dr. ANDIK RONY IRAWAN, M.Si.Psi",E,1,Selasa,Laboratorium Klasikal,06.30 - 07.20
22040111D22,TES INVENTORI,"Dr. ANDIK RONY IRAWAN, M.Si.Psi",F,1,Selasa,Laboratorium Klasikal,07.20 - 08.10
22040111D22,TES INVENTORI,"HILDA HALIDA,M.Psi",G,1,Rabu,Laboratorium Klasikal,09.00 - 09.50
22040111D22,TES INVENTORI,"HILDA HALIDA,M.Psi",H,1,Rabu,Laboratorium Klasikal,07.20 - 08.10
22040111D22,TES INVENTORI,"HILDA HALIDA,M.Psi",I,1,Rabu,Laboratorium Klasikal,06.30 - 07.20
22040111D25,PSIKOLOGI ISLAM,"MUHAMMAD ABDUH MUSHTHOFA, M.Psi., Psikolog",A,2,Rabu,B.112,06.30 - 08.10
22040111D25,PSIKOLOGI ISLAM,"AFA FAUZUL ADZIMS.Psi, M.Phil",B,2,Jumat,B.113,08.10 - 09.50
22040111D25,PSIKOLOGI ISLAM,"ABDUL HAMID CHOLILI,M.Psi",C,2,Kamis,B.313,08.10 - 09.50
22040111D25,PSIKOLOGI ISLAM,"MUHAMMAD ABDUH MUSHTHOFA, M.Psi., Psikolog",D,2,Rabu,B.312,08.10 - 09.50
22040111D25,PSIKOLOGI ISLAM,"ALI SYAHIDIN MUBAROK,M.Si",E,2,Rabu,B.212,06.30 - 08.10
22040111D25,PSIKOLOGI ISLAM,"ERMITA ZAKIYAH,M.Th.I",F,2,Rabu,B.213,06.30 - 08.10
22040111D25,PSIKOLOGI ISLAM,"AFA FAUZUL ADZIMS.Psi, M.Phil",G,2,Rabu,B.312,06.30 - 08.10
22040111D25,PSIKOLOGI ISLAM,"AFA FAUZUL ADZIMS.Psi, M.Phil",H,2,Jumat,B.113,06.30 - 08.10
22040111D25,PSIKOLOGI ISLAM,"MUHAMMAD ABDUH MUSHTHOFA, M.Psi., Psikolog",I,2,Senin,B.112,06.30 - 08.10
22040111D27,KODE ETIK PSIKOLOGI,"Dr. RETNO MANGESTUTI, M.Si",A,2,Selasa,B.214,06.30 - 08.10
22040111D27,KODE ETIK PSIKOLOGI,"Dr. RETNO MANGESTUTI, M.Si",B,2,Selasa,B.214,08.10 - 09.50
22040111D27,KODE ETIK PSIKOLOGI,"Dr. RETNO MANGESTUTI, M.Si",C,2,Senin,B.212,11.30 - 13.10
22040111D27,KODE ETIK PSIKOLOGI,"Dr. ENDAH KURNIAWATI PURWANINGTYAS,M.Psi",D,2,Rabu,B.213,09.50 - 11.30
22040111D27,KODE ETIK PSIKOLOGI,"Dr. ENDAH KURNIAWATI PURWANINGTYAS,M.Psi",E,2,Kamis,B.213,06.30 - 08.10
22040111D27,KODE ETIK PSIKOLOGI,"Dr. ENDAH KURNIAWATI PURWANINGTYAS,M.Psi",F,2,Kamis,B.213,08.10 - 09.50
22040111D27,KODE ETIK PSIKOLOGI,"HILDA HALIDA,M.Psi",G,2,Senin,B.312,10.40 - 12.20
22040111D27,KODE ETIK PSIKOLOGI,"HILDA HALIDA,M.Psi",H,2,Senin,B.312,08.10 - 09.50
22040111D27,KODE ETIK PSIKOLOGI,"Dr. ENDAH KURNIAWATI PURWANINGTYAS,M.Psi",I,2,Rabu,B.213,08.10 - 09.50
22040111D28,ANTROPOLOGI,"Drs. H.YAHYA,M.A",A,2,Kamis,RV Psikologi 4,12.20 - 14.00
22040111D28,ANTROPOLOGI,"Drs. H.YAHYA,M.A",B,2,Selasa,RV Psikologi 4,12.20 - 14.00
22040111D28,ANTROPOLOGI,"Drs. H.YAHYA,M.A",C,2,Senin,RV Psikologi 4,12.20 - 14.00
22040111D28,ANTROPOLOGI,"Drs. H.YAHYA,M.A",D,2,Kamis,RV Psikologi 4,09.00 - 10.40
22040111D28,ANTROPOLOGI,"Drs. H.YAHYA,M.A",E,2,Selasa,RV Psikologi 4,09.50 - 11.30
22040111D28,ANTROPOLOGI,"Drs. H.YAHYA,M.A",F,2,Senin,RV Psikologi 4,09.00 - 10.40
22040111D28,ANTROPOLOGI,"APRILIA MEGA ROSDIANA,M.Si",G,2,Rabu,RV Psikologi 5,09.50 - 11.30
22040111D28,ANTROPOLOGI,"TAUFIQURRAHMAN,MA",H,2,Selasa,RV Psikologi 6,10.40 - 12.20
22040111D28,ANTROPOLOGI,"TAUFIQURRAHMAN,MA",I,2,Selasa,RV Psikologi 6,12.20 - 14.00
22040111D31,PSIKOLOGI KONSELING,"Dr. ROFIQAH,M.Pd",A,3,Jumat,ARI.Y.104,09.00 - 11.30
22040111D31,PSIKOLOGI KONSELING,"Dr. ROFIQAH,M.Pd",B,3,Rabu,ARI.Y.104,09.00 - 11.30
22040111D31,PSIKOLOGI KONSELING,"Dr. MUALLIFAH, M.A",C,3,Rabu,ITC.I.4,11.30 - 14.00
22040111D31,PSIKOLOGI KONSELING,"URIN LAILA SA'ADAH, S, Psi.M.Pd.",D,3,Selasa,ITC.I.2,06.30 - 09.00
22040111D31,PSIKOLOGI KONSELING,"Dr. ROFIQAH,M.Pd",E,3,Rabu,ARI.Y.104,06.30 - 09.00
22040111D31,PSIKOLOGI KONSELING,"UMDATUL KHOIROT,M.Psi",F,3,Rabu,ARI.Y.103,06.30 - 09.00
22040111D31,PSIKOLOGI KONSELING,"AININDITA AGHNIACAKTI,M.Psi",G,3,Rabu,ITC.I.1,11.30 - 14.00
22040111D31,PSIKOLOGI KONSELING,"Dr. TRISTIADI ARDI ARDANI, M.Si.Psi",H,3,Rabu,ARI.Y.104,11.30 - 14.00
22040111D31,PSIKOLOGI KONSELING,"Dr. TRISTIADI ARDI ARDANI, M.Si.Psi",I,3,Senin,ITC.I.5,06.30 - 09.00
22040111D34,MODIFIKASI PERILAKU,"Dr. YULIA SHOLICHATUN,M.Si",A,2,Senin,B.212,08.10 - 09.50
22040111D34,MODIFIKASI PERILAKU,"Dr. YULIA SHOLICHATUN,M.Si",B,2,Senin,B.212,06.30 - 08.10
22040111D34,MODIFIKASI PERILAKU,"MUHAMMAD JAMALUDDIN,M.Si",C,2,Senin,B.213,09.50 - 11.30
22040111D34,MODIFIKASI PERILAKU,"MUHAMMAD JAMALUDDIN,M.Si",D,2,Senin,B.213,08.10 - 09.50
22040111D34,MODIFIKASI PERILAKU,"MUHAMMAD JAMALUDDIN,M.Si",E,2,Senin,B.213,12.20 - 14.00
22040111D34,MODIFIKASI PERILAKU,"HILDA HALIDA,M.Psi",F,2,Senin,B.312,06.30 - 08.10
22040111D34,MODIFIKASI PERILAKU,"Dr. FINA HIDAYATI, MA",G,2,Jumat,B.212,09.50 - 11.30
22040111D34,MODIFIKASI PERILAKU,"MUH. ANWAR FU'ADY,S.Psi, M.A",H,2,Jumat,B.312,08.10 - 09.50
22040111D34,MODIFIKASI PERILAKU,"MUH. ANWAR FU'ADY,S.Psi, M.A",I,2,Jumat,B.312,06.30 - 08.10
22040111D35,PKL,,,2,,,
22040111D36,PSIKOLOGI KOMUNITAS,"Dr. MOHAMMAD MAHPUR,M.Si",A,1,Rabu,ARI.Y.101,10.40 - 11.30
22040111D36,PSIKOLOGI KOMUNITAS,"MUHAMMAD ABDUH MUSHTHOFA, M.Psi., Psikolog",B,1,Kamis,ARI.Y.102 ,06.30 - 07.20
22040111D36,PSIKOLOGI KOMUNITAS,"Dr. FATHUL LUBABIN NUQUL, M.Si",C,1,Kamis,ITC.I.6,09.00 - 09.50
22040111D36,PSIKOLOGI KOMUNITAS,"UMDATUL KHOIROT,M.Psi",D,1,Selasa,ARI.Y.101,10.40 - 11.30
22040111D36,PSIKOLOGI KOMUNITAS,"Dr. ROFIQAH,M.Pd",E,1,Selasa,ARI.Y.104,11.30 - 12.20
22040111D36,PSIKOLOGI KOMUNITAS,"Dr. ROFIQAH,M.Pd",F,1,Jumat,ITC.I.6,06.30 - 07.20
22040111D36,PSIKOLOGI KOMUNITAS,"Dr. ROFIQAH,M.Pd",G,1,Selasa,ARI.Y.104,12.20 - 13.10
22040111D36,PSIKOLOGI KOMUNITAS,"MUHAMMAD ABDUH MUSHTHOFA, M.Psi., Psikolog",H,1,Kamis,ARI.Y.102 ,07.20 - 08.10
22040111D36,PSIKOLOGI KOMUNITAS,"YUSUF RATU AGUNG,M.A",I,1,Rabu,ARI.Y.102 ,08.10 - 09.00
22040111D39,PSIKOLOGI LITERASI,"Dr. NOVIA SOLICHAH,M.Psi",A,1,Rabu,B.112,11.30 - 12.20
22040111D39,PSIKOLOGI LITERASI,"Dr. NOVIA SOLICHAH,M.Psi",B,1,Rabu,B.112,10.40 - 11.30
22040111D39,PSIKOLOGI LITERASI,"Dr. NOVIA SOLICHAH,M.Psi",C,1,Rabu,B.112,09.50 - 10.40
22040111D39,PSIKOLOGI LITERASI,"Dr. NOVIA SOLICHAH,M.Psi",D,1,Senin,B.112,10.40 - 11.30
22040111D39,PSIKOLOGI LITERASI,"Dr. NOVIA SOLICHAH,M.Psi",E,1,Senin,B.112,09.50 - 10.40
22040111D39,PSIKOLOGI LITERASI,"Dr. NOVIA SOLICHAH,M.Psi",F,1,Senin,B.112,09.00 - 09.50
22040111D39,PSIKOLOGI LITERASI,"IQBAL ALI WAFA,M.Psi",G,1,Kamis,B.113,06.30 - 07.20
22040111D39,PSIKOLOGI LITERASI,"IQBAL ALI WAFA,M.Psi",H,1,Kamis,B.113,09.00 - 09.50
22040111D39,PSIKOLOGI LITERASI,"IQBAL ALI WAFA,M.Psi",I,1,Kamis,B.113,08.10 - 09.00
22040112F01,PSIKOLOGI KESULITAN BELAJAR,"Prof. Dr. H. Mulyadi, M.Pd.I",X,2,Kamis,B.112,10.40 - 12.20
22040112F01,PSIKOLOGI KESULITAN BELAJAR,"Prof. Dr. Hj. RIFA HIDAYAH, M.Si, Psikolog",Y,2,Selasa,B.213,06.30 - 08.10
22040112F02,PSIKOLOGI SEKOLAH,"URIN LAILA SA'ADAH, S, Psi.M.Pd.",X,2,Jumat,B.313,06.30 - 08.10
22040112F02,PSIKOLOGI SEKOLAH,"Prof. Dr. H. RAHMAT AZIZ, M.Si",Y,2,Senin,B.213,06.30 - 08.10
22040112F03,PENDIDIKAN ANAK BERBAKAT,"Prof. Dr. Hj. RIFA HIDAYAH, M.Si, Psikolog",X,2,Rabu,B.212,08.10 - 09.50
22040112F03,PENDIDIKAN ANAK BERBAKAT,"M. IKSAN,MA",Y,2,Jumat,B.214,06.30 - 08.10
22040112F04,PENDIDIKAN PRASEKOLAH,"RIKA FU'ATUROSIDA, S.Psi, M.A",X,2,Jumat,B.214,09.50 - 11.30
22040112F04,PENDIDIKAN PRASEKOLAH,"M. IKSAN,MA",Y,2,Jumat,B.214,12.20 - 14.00
22040112F05,PENANGANAN ANAK BERMASALAH,"MUH. ANWAR FU'ADY,S.Psi, M.A",X,2,Selasa,B.312,06.30 - 08.10
22040112F06,ASSESMEN DALAM PSIKOLOGI KLINIS,"FUJI ASTUTIK,M.Psi",R,2,Selasa,B.112,10.40 - 12.20
22040112F06,ASSESMEN DALAM PSIKOLOGI KLINIS,"AININDITA AGHNIACAKTI,M.Psi",T,2,Rabu,B.112,08.10 - 09.50
22040112F07,KESEHATAN MENTAL,"Dr. IIN TRI RAHAYU, M.Si.Psi",Q,2,Rabu,B.113,08.10 - 09.50
22040112F07,KESEHATAN MENTAL,"Dr. TRISTIADI ARDI ARDANI, M.Si.Psi",R,2,Selasa,B.112,06.30 - 08.10
22040112F09,PENANGANAN KASUS KLINIS,"FUJI ASTUTIK,M.Psi",W,2,Kamis,B.113,09.50 - 11.30
22040112F09,PENANGANAN KASUS KLINIS,"FUJI ASTUTIK,M.Psi",Z,2,Selasa,B.112,12.20 - 14.00
22040112F10,ERGONOMI,"Dr. ANDIK RONY IRAWAN, M.Si.Psi",X,2,Rabu,B.214,06.30 - 08.10
22040112F10,ERGONOMI,"Dr. ANDIK RONY IRAWAN, M.Si.Psi",Y,2,Rabu,B.214,08.10 - 09.50
22040112F11,ANALISIS JABATAN,"Dr. ENDAH KURNIAWATI PURWANINGTYAS,M.Psi",P,2,Rabu,B.213,12.20 - 14.00
22040112F11,ANALISIS JABATAN,"Dr. RETNO MANGESTUTI, M.Si",R,2,Senin,B.212,09.50 - 11.30
22040112F11,ANALISIS JABATAN,"RAHMATIKA SARI AMALIA,M.Psi",T,2,Selasa,B.312,10.40 - 12.20
22040112F12,PSIKOLOGI KONSUMEN,"Dr. RETNO MANGESTUTI, M.Si",V,2,Jumat,B.212,06.30 - 08.10
22040112F12,PSIKOLOGI KONSUMEN,"Dr. RETNO MANGESTUTI, M.Si",X,2,Rabu,B.313,10.40 - 12.20
22040112F13,MANAJEMEN SUMBER DAYA MANUSIA,"RAHMATIKA SARI AMALIA,M.Psi",P,2,Selasa,B.312,12.20 - 14.00
22040112F13,MANAJEMEN SUMBER DAYA MANUSIA,"ABDUL HAMID CHOLILI,M.Psi",X,2,Kamis,B.313,06.30 - 08.10
22040112F13,MANAJEMEN SUMBER DAYA MANUSIA,"AGUS IQBAL HAWABI,M.Psi",Y,2,Senin,B.113,08.10 - 09.50
22040112F14,PERILAKU ORGANISASI,"Dr. ENDAH KURNIAWATI PURWANINGTYAS,M.Psi",O,2,Kamis,B.213,10.40 - 12.20
22040112F14,PERILAKU ORGANISASI,"AGUS IQBAL HAWABI,M.Psi",S,2,Selasa,B.313,10.40 - 12.20
22040112F15,DINAMIKA KELOMPOK,"URIN LAILA SA'ADAH, S, Psi.M.Pd.",V,2,Senin,B.214,06.30 - 08.10
22040112F15,DINAMIKA KELOMPOK,"Dr. MOHAMMAD MAHPUR,M.Si",Z,2,Selasa,B.212,06.30 - 08.10
22040112F16,PSIKOLOGI KOMUNIKASI,"Drs. H.YAHYA,M.A",N,2,Rabu,B.113,06.30 - 08.10
22040112F16,PSIKOLOGI KOMUNIKASI,"Prof. Dr. Hj. Siti Mahmudah, M.Si",S,2,Kamis,B.212,09.00 - 10.40
24000011A02,KEWARGANEGARAAN,"NURUL SHOFIAH,M.Pd",A,2,Selasa,RV Psikologi 1,12.20 - 14.00
24000011A02,KEWARGANEGARAAN,"NURUL SHOFIAH,M.Pd",B,2,Selasa,RV Psikologi 1,09.50 - 11.30
24000011A02,KEWARGANEGARAAN,"NURUL SHOFIAH,M.Pd",C,2,Senin,RV Psikologi 1,09.00 - 10.40
24000011A02,KEWARGANEGARAAN,"NURUL SHOFIAH,M.Pd",D,2,Rabu,RV Psikologi 1,12.20 - 14.00
24000011A02,KEWARGANEGARAAN,"NURUL SHOFIAH,M.Pd",E,2,Senin,RV Psikologi 2,12.20 - 14.00
24000011A02,KEWARGANEGARAAN,"NURUL SHOFIAH,M.Pd",F,2,Senin,RV Psikologi 1,10.40 - 12.20
24000011A02,KEWARGANEGARAAN,"MUHAMMAD ABDUH MUSHTHOFA, M.Psi., Psikolog",G,2,Senin,RV Psikologi 3,09.00 - 10.40
24000011A02,KEWARGANEGARAAN,"MUHAMMAD ABDUH MUSHTHOFA, M.Psi., Psikolog",H,2,Rabu,RV Psikologi 3,10.40 - 12.20
24000011A02,KEWARGANEGARAAN,"AHMAD ABI NAJIH, M.H.",I,2,Senin,RV Psikologi 2,09.00 - 10.40
24000011B03,BAHASA ARAB KOMUNIKATIF,"Dr. NUR ILA IFAWATI,M.Pd",A,2,,,
24000011B03,BAHASA ARAB KOMUNIKATIF,"HALIMATUS SA'DIYAH,M.Pd",B,2,,,
24000011B03,BAHASA ARAB KOMUNIKATIF,"HAMIM,S.S., M.Pd.I",C,2,,,
24000011B03,BAHASA ARAB KOMUNIKATIF,"NURUL HIKMAH,M.Pd",D,2,,,
24000011B03,BAHASA ARAB KOMUNIKATIF,"Dr. NUR ILA IFAWATI,M.Pd",E,2,,,
24000011B03,BAHASA ARAB KOMUNIKATIF,"HAMIM,S.S., M.Pd.I",F,2,,,
24000011B03,BAHASA ARAB KOMUNIKATIF,"HALIMATUS SA'DIYAH,M.Pd",G,2,,,
24000011B03,BAHASA ARAB KOMUNIKATIF,"NURUL HIKMAH,M.Pd",H,2,,,
24000011B03,BAHASA ARAB KOMUNIKATIF,"Dr. NUR ILA IFAWATI,M.Pd",I,2,,,
24000011B03,BAHASA ARAB KOMUNIKATIF,"Dr. NUR ILA IFAWATI,M.Pd",J,2,,,
24000011B03,BAHASA ARAB KOMUNIKATIF,"Dr. USFIYATUR RUSULY,M.Pd.I",K,2,,,
24000011B03,BAHASA ARAB KOMUNIKATIF,"HALIMATUS SA'DIYAH,M.Pd",L,2,,,
24000011B04,BAHASA ARAB PRAKTIS,"Dr. NUR ILA IFAWATI,M.Pd",A,2,,,
24000011B04,BAHASA ARAB PRAKTIS,"HALIMATUS SA'DIYAH,M.Pd",B,2,,,
24000011B04,BAHASA ARAB PRAKTIS,"HAMIM,S.S., M.Pd.I",C,2,,,
24000011B04,BAHASA ARAB PRAKTIS,"NURUL HIKMAH,M.Pd",D,2,,,
24000011B04,BAHASA ARAB PRAKTIS,"HAMIM,S.S., M.Pd.I",E,2,,,
24000011B04,BAHASA ARAB PRAKTIS,"NURUL HIKMAH, M.Pd

",F,2,,,
24000011B04,BAHASA ARAB PRAKTIS,"NURUL HIKMAH,M.Pd",G,2,,,
24000011B04,BAHASA ARAB PRAKTIS,"HALIMATUS SA'DIYAH,M.Pd",H,2,,,
24000011B04,BAHASA ARAB PRAKTIS,"HAMIM,S.S., M.Pd.I",I,2,,,
24000011B04,BAHASA ARAB PRAKTIS,"HALIMATUS SA'DIYAH,M.Pd",J,2,,,
24000011B04,BAHASA ARAB PRAKTIS,"NURUL HIKMAH,M.Pd",K,2,,,
24000011B04,BAHASA ARAB PRAKTIS,"HAMIM,S.S., M.Pd.I",L,2,,,
24000011B09,TEOSOFI,"AHMAD ABI NAJIH, M.H.",A,2,Senin,ITC.I.2,06.30 - 08.10
24000011B09,TEOSOFI,"ERMITA ZAKIYAH,M.Th.I",B,2,Jumat,ARI.Y.101,09.50 - 11.30
24000011B09,TEOSOFI,"Prof. Dr. H. M. LUTFI MUSTOFA, S.Ag., M.Ag",C,2,Rabu,ARI.Y.101,06.30 - 08.10
24000011B09,TEOSOFI,"AHMAD ABI NAJIH, M.H.",D,2,Kamis,ITC.I.4,09.00 - 10.40
24000011B09,TEOSOFI,"AHMAD ABI NAJIH, M.H.",E,2,Selasa,ARI.Y.101,12.20 - 14.00
24000011B09,TEOSOFI,"Prof. Dr. H. M. LUTFI MUSTOFA, S.Ag., M.Ag",F,2,Kamis,ARI.Y.103,06.30 - 08.10
24000011B09,TEOSOFI,"Drs. ZAINUL ARIFIN,M.Ag",G,2,Rabu,ITC.I.2,06.30 - 08.10
24000011B09,TEOSOFI,"Drs. ZAINUL ARIFIN,M.Ag",H,2,Senin,ITC.I.4,06.30 - 08.10
24000011B09,TEOSOFI,"Drs. ZAINUL ARIFIN,M.Ag",I,2,Jumat,ARI.Y.101,06.30 - 08.10
